<?xml version="1.0" encoding="UTF-8"?>
<!-- Created with TexturePacker http://www.codeandweb.com/texturepacker-->
<!-- $TexturePacker:SmartUpdate:c561ad89758857644fe8498356f78b89:de248ea3faf52bb268f2af81781234d2:5c6b3bdb6c5fcff160089f5c203a9878$ -->
<TextureAtlas imagePath="tornado_A.png">
    <SubTexture name="1" x="760" y="2" width="34" height="44" frameX="-16" frameY="-24" frameWidth="76" frameHeight="76"/>
    <SubTexture name="2" x="712" y="2" width="46" height="52" frameX="-13" frameY="-17" frameWidth="76" frameHeight="76"/>
    <SubTexture name="3" x="654" y="2" width="56" height="58" frameX="-9" frameY="-12" frameWidth="76" frameHeight="76"/>
    <SubTexture name="4" x="590" y="2" width="62" height="66" frameX="-5" frameY="-5" frameWidth="76" frameHeight="76"/>
    <SubTexture name="5" x="442" y="2" width="72" height="72" frameX="0" frameY="-3" frameWidth="76" frameHeight="76"/>
    <SubTexture name="6" x="374" y="2" width="66" height="74" frameX="-4" frameY="0" frameWidth="76" frameHeight="76"/>
    <SubTexture name="7" x="304" y="2" width="68" height="74" frameX="-3" frameY="0" frameWidth="76" frameHeight="76"/>
    <SubTexture name="8" x="230" y="2" width="72" height="74" frameX="-1" frameY="0" frameWidth="76" frameHeight="76"/>
    <SubTexture name="9" x="2" y="2" width="74" height="74" frameX="0" frameY="-1" frameWidth="76" frameHeight="76"/>
    <SubTexture name="10" x="78" y="2" width="74" height="74" frameX="0" frameY="-1" frameWidth="76" frameHeight="76"/>
    <SubTexture name="11" x="154" y="2" width="74" height="74" frameX="-1" frameY="-2" frameWidth="76" frameHeight="76"/>
    <SubTexture name="12" x="516" y="2" width="72" height="68" frameX="0" frameY="-1" frameWidth="76" frameHeight="76"/>
</TextureAtlas>
